Object Name, Average Position Distance, Distance Standard Deviation, Max Position Distance, Worse 1% Position Distance, Average Rotation Distance, Standard Deviation, Max Rotation Distance, Worse 1% Rotation Distance
headset,7.17659333915947e-05,3.4591001047716236e-05,0.0002283457198626941,0.0001859509546969477,0.007096679177552717,0.002942089233891056,0.016949650835377562,0.01597563001996842
left_controller,0.00010115994789005692,4.5878059728319306e-05,0.00028764541974057303,0.00024913586823464015,0.01977449518836582,0.011213065667732943,0.05825191097719614,0.05619403465580865
right_controller,0.00011399105490639227,4.883359759884437e-05,0.0002825953976392978,0.0002632738386341374,0.04474588886440632,0.026857861277249005,0.152567450829099,0.1328937428186378
base_station_1,0.0,0.0,0.0,0.0,1.2022891733672556e-12,2.0194839173657902e-28,1.2022891733672558e-12,1.2022891733672558e-12
base_station_2,0.0,0.0,0.0,0.0,2.6740962217168857e-12,4.0389678347315804e-28,2.674096221716886e-12,2.674096221716886e-12
base_station_3,0.0,0.0,0.0,0.0,4.4331489587241396e-12,0.0,4.4331489587241396e-12,4.4331489587241396e-12
tracker_1,0.00045512095851725205,0.0002724142009653793,0.00133115262585353,0.0012378902610883278,0.06705666696599671,0.03560038020253208,0.21240669873598814,0.19700588128992264
tracker_2,0.00012730424916418875,6.814965803507492e-05,0.000402877408585749,0.0003571069094954173,0.026604808049696924,0.010877921190022989,0.06567072619075276,0.058882294672323365
tracker_3,0.00010759410629640653,4.7952620763785784e-05,0.0002776374902490571,0.00026123682094810776,0.020344794754880293,0.010417383668386971,0.07546599564068092,0.0609050818524393
