Object Name, Average Position Distance, Distance Standard Deviation, Max Position Distance, Worse 1% Position Distance, Average Rotation Distance, Standard Deviation, Max Rotation Distance, Worse 1% Rotation Distance
headset,6.856942726531448e-05,3.284350431605614e-05,0.0001891272612636325,0.00017470820429616867,0.006636334197944437,0.002882349961995025,0.015657720231731044,0.014936934486650946
left_controller,9.552292328802504e-05,4.559004815242399e-05,0.0002664285114473008,0.00024163406098983236,0.019803018082127616,0.011110008925626637,0.0644751612518179,0.058769907607392424
right_controller,0.0,0.0,0.0,0.0,0.0,0.0,0.0,0.0
base_station_1,0.0,0.0,0.0,0.0,1.2022891733672556e-12,2.0194839173657902e-28,1.2022891733672558e-12,1.2022891733672558e-12
base_station_2,0.0,0.0,0.0,0.0,2.6740962217168857e-12,4.0389678347315804e-28,2.674096221716886e-12,2.674096221716886e-12
base_station_3,0.0,0.0,0.0,0.0,4.4331489587241396e-12,0.0,4.4331489587241396e-12,4.4331489587241396e-12
tracker_1,0.00024046056588938885,0.00012227793233463184,0.0007386293405851159,0.0006573726897936164,0.05128718908662675,0.022167933621877054,0.1320957469316789,0.12363160420870216
tracker_2,0.00013436241102832914,5.979181807508159e-05,0.000319691617036508,0.0003082460188913288,0.026018014312375347,0.013387155041613103,0.08334618555580973,0.07441462896508082
tracker_3,0.00010408185289679739,4.854140988548735e-05,0.00031037274465598916,0.00026198555182196156,0.02139073997212329,0.009708113847872945,0.051494777666988976,0.04899877751705533
